month,total_orders,total_units,revenue
2023-01-01,2697,8751.0,1630650.17
2023-02-01,2552,8475.0,1537253.34
2023-03-01,2943,9691.0,1816861.47
2023-04-01,2789,9176.0,1683330.66
2023-05-01,2858,9247.0,1655911.04
2023-06-01,2669,8670.0,1581325.51
2023-07-01,2865,9413.0,1692796.85
2023-08-01,2711,8873.0,1606803.99
2023-09-01,2707,9043.0,1638409.63
2023-10-01,2876,9479.0,1734189.03
2023-11-01,2777,9224.0,1701829.55
2023-12-01,2865,9285.0,1655864.47
2024-01-01,2771,9105.0,1671388.76
2024-02-01,2704,8909.0,1653589.11
2024-03-01,2849,9416.0,1719679.81
2024-04-01,2642,8686.0,1581969.15
2024-05-01,2804,9249.0,1678794.13
2024-06-01,2762,9027.0,1653408.51
2024-07-01,2822,9361.0,1702986.28
2024-08-01,2883,9433.0,1781788.72
2024-09-01,2750,8840.0,1631271.33
2024-10-01,2795,9191.0,1661277.21
2024-11-01,2745,9089.0,1650778.34
2024-12-01,2702,8935.0,1645072.58
2025-01-01,2803,9132.0,1663233.58
2025-02-01,2629,8699.0,1582923.53
2025-03-01,2861,9348.0,1736781.45
2025-04-01,2759,8981.0,1650013.85
2025-05-01,2813,9330.0,1712446.91
2025-06-01,2761,9023.0,1663054.37
2025-07-01,2785,9227.0,1710175.6
2025-08-01,2830,9276.0,1734506.51
2025-09-01,2806,9021.0,1624955.07
2025-10-01,2862,9288.0,1681304.84
2025-11-01,2722,8994.0,1657023.39
2025-12-01,2831,9279.0,1687011.28
